{
    "AFG": [
        67.709953,
        33.93911
    ],
    "AGO": [
        17.873887,
        -11.202692
    ],
    "ALB": [
        20.168331,
        41.153332
    ],
    "ARE": [
        53.847818,
        23.424076
    ],
    "ARG": [
        -63.61667199999999,
        -38.416097
    ],
    "ARM": [
        45.038189,
        40.069099
    ],
    "AUS": [
        133.775136,
        -25.274398
    ],
    "AUT": [
        14.550072,
        47.516231
    ],
    "AZE": [
        47.576927,
        40.143105
    ],
    "BDI": [
        29.918886,
        -3.373056
    ],
    "BEL": [
        4.469936,
        50.503887
    ],
    "BEN": [
        2.315834,
        9.30769
    ],
    "BFA": [
        -1.561593,
        12.238333
    ],
    "BGD": [
        90.356331,
        23.684994
    ],
    "BGR": [
        25.48583,
        42.733883
    ],
    "BHS": [
        -77.39627999999999,
        25.03428
    ],
    "BLR": [
        27.953389,
        53.709807
    ],
    "BLZ": [
        -88.49765,
        17.189877
    ],
    "BMU": [
        -64.7505,
        32.3078
    ],
    "BOL": [
        -63.58865299999999,
        -16.290154
    ],
    "BRA": [
        -51.92528,
        -14.235004
    ],
    "BRN": [
        114.727669,
        4.535277
    ],
    "BTN": [
        90.433601,
        27.514162
    ],
    "BWA": [
        24.684866,
        -22.328474
    ],
    "CAF": [
        20.939444,
        6.611110999999999
    ],
    "CAN": [
        -106.346771,
        56.130366
    ],
    "CHE": [
        8.227511999999999,
        46.818188
    ],
    "CHL": [
        -71.542969,
        -35.675147
    ],
    "CHN": [
        104.195397,
        35.86166
    ],
    "CMR": [
        12.354722,
        7.369721999999999
    ],
    "COD": [
        21.758664,
        -4.038333
    ],
    "COG": [
        15.827659,
        -0.228021
    ],
    "COL": [
        -74.297333,
        4.570868
    ],
    "CRI": [
        -83.753428,
        9.748916999999999
    ],
    "CUB": [
        -77.781167,
        21.521757
    ],
    "CYP": [
        33.429859,
        35.126413
    ],
    "CZE": [
        15.472962,
        49.81749199999999
    ],
    "DEU": [
        10.451526,
        51.165691
    ],
    "DJI": [
        42.590275,
        11.825138
    ],
    "DNK": [
        9.501785,
        56.26392
    ],
    "DZA": [
        1.659626,
        28.033886
    ],
    "ECU": [
        -78.18340599999999,
        -1.831239
    ],
    "EGY": [
        30.802498,
        26.820553
    ],
    "ERI": [
        39.782334,
        15.179384
    ],
    "ESP": [
        -3.74922,
        40.46366700000001
    ],
    "EST": [
        25.013607,
        58.595272
    ],
    "ETH": [
        40.489673,
        9.145000000000001
    ],
    "FIN": [
        25.748151,
        61.92410999999999
    ],
    "FRA": [
        2.213749,
        46.227638
    ],
    "GAB": [
        11.609444,
        -0.803689
    ],
    "GBR": [
        -3.435973,
        55.378051
    ],
    "GEO": [
        43.38597247441989,
        42.071499473528306
    ],
    "GHA": [
        -1.023194,
        7.946527
    ],
    "GIN": [
        -9.696645,
        9.945587
    ],
    "GMB": [
        -15.310139,
        13.443182
    ],
    "GNB": [
        -15.180413,
        11.803749
    ],
    "GNQ": [
        10.267895,
        1.650801
    ],
    "GRC": [
        21.824312,
        39.074208
    ],
    "GRL": [
        -42.604303,
        71.706936
    ],
    "GTM": [
        -90.23075899999999,
        15.783471
    ],
    "GUF": [
        -53.125782,
        3.933889
    ],
    "GUY": [
        -58.93018,
        4.860416
    ],
    "HND": [
        -86.241905,
        15.199999
    ],
    "HRV": [
        15.2,
        45.1
    ],
    "HTI": [
        -72.285215,
        18.971187
    ],
    "HUN": [
        19.503304,
        47.162494
    ],
    "IRL": [
        -8.24389,
        53.41291
    ],
    "IRN": [
        53.688046,
        32.427908
    ],
    "IRQ": [
        43.679291,
        33.223191
    ],
    "ISL": [
        -19.020835,
        64.963051
    ],
    "ISR": [
        34.851612,
        31.046051
    ],
    "ITA": [
        12.56738,
        41.87194
    ],
    "JAM": [
        -77.297508,
        18.109581
    ],
    "JOR": [
        36.238414,
        30.585164
    ],
    "JPN": [
        138.252924,
        36.204824
    ],
    "KAZ": [
        66.923684,
        48.019573
    ],
    "KEN": [
        37.906193,
        -0.023559
    ],
    "KGZ": [
        74.766098,
        41.20438
    ],
    "KHM": [
        104.990963,
        12.565679
    ],
    "KOR": [
        127.766922,
        35.907757
    ],
    "KWT": [
        47.481766,
        29.31166
    ],
    "LAO": [
        102.495496,
        19.85627
    ],
    "LBN": [
        35.862285,
        33.854721
    ],
    "LBR": [
        -9.429499000000002,
        6.428055
    ],
    "LBY": [
        17.228331,
        26.3351
    ],
    "LKA": [
        80.77179699999999,
        7.873053999999999
    ],
    "LSO": [
        28.233608,
        -29.609988
    ],
    "LTU": [
        23.881275,
        55.169438
    ],
    "LUX": [
        6.129582999999999,
        49.815273
    ],
    "LVA": [
        24.603189,
        56.879635
    ],
    "MAR": [
        -7.092619999999999,
        31.791702
    ],
    "MDA": [
        28.369885,
        47.411631
    ],
    "MDG": [
        46.869107,
        -18.766947
    ],
    "MEX": [
        -102.552784,
        23.634501
    ],
    "MKD": [
        21.745275,
        41.608635
    ],
    "MLI": [
        -3.996166,
        17.570692
    ],
    "MMR": [
        95.956223,
        21.913965
    ],
    "MNE": [
        19.37439,
        42.708678
    ],
    "MNG": [
        103.846656,
        46.862496
    ],
    "MOZ": [
        35.529562,
        -18.665695
    ],
    "MWI": [
        34.301525,
        -13.254308
    ],
    "MYS": [
        101.975766,
        4.210484
    ],
    "NAM": [
        18.49041,
        -22.95764
    ],
    "NCL": [
        165.618042,
        -20.904305
    ],
    "NER": [
        8.081666,
        17.607789
    ],
    "NGA": [
        8.675277,
        9.081999
    ],
    "NIC": [
        -85.207229,
        12.865416
    ],
    "NLD": [
        5.291265999999999,
        52.132633
    ],
    "NOR": [
        8.468945999999999,
        60.47202399999999
    ],
    "NPL": [
        84.12400799999999,
        28.394857
    ],
    "NZL": [
        174.885971,
        -40.900557
    ],
    "OMN": [
        55.923255,
        21.512583
    ],
    "PAK": [
        69.34511599999999,
        30.375321
    ],
    "PAN": [
        -80.782127,
        8.537981
    ],
    "PER": [
        -75.015152,
        -9.189967
    ],
    "PHL": [
        121.774017,
        12.879721
    ],
    "PNG": [
        143.95555,
        -6.314992999999999
    ],
    "POL": [
        19.145136,
        51.919438
    ],
    "PRI": [
        -66.590149,
        18.220833
    ],
    "PRK": [
        127.510093,
        40.339852
    ],
    "PRT": [
        -8.224454,
        39.39987199999999
    ],
    "PRY": [
        -58.443832,
        -23.442503
    ],
    "QAT": [
        51.183884,
        25.354826
    ],
    "ROU": [
        24.96676,
        45.943161
    ],
    "RUS": [
        105.318756,
        61.52401
    ],
    "RWA": [
        29.873888,
        -1.940278
    ],
    "ESH": [
        -12.885834,
        24.215527
    ],
    "SAU": [
        45.079162,
        23.885942
    ],
    "SDN": [
        30.217636,
        12.862807
    ],
    "SEN": [
        -14.452362,
        14.497401
    ],
    "SLB": [
        160.156194,
        -9.64571
    ],
    "SLE": [
        -11.779889,
        8.460555
    ],
    "SLV": [
        -88.89653,
        13.794185
    ],
    "SOM": [
        46.199616,
        5.152149
    ],
    "SRB": [
        21.005859,
        44.016521
    ],
    "SUR": [
        -56.027783,
        3.919305
    ],